Вопрос;Категория
Какое полномочие должно быть присвоено пользователю для работы на Портале поставщиков в качестве Уполномоченного органа ?;Вопросы о регистрации и управлении учетными записями
Как пользователю присвоить полномочие «Региональный администратор» для работы на Портале поставщиков в качестве Уполномоченного органа?;Вопросы о регистрации и управлении учетными записями
Как присвоить полномочия пользователю компании в профиле Уполномоченного органа?;Вопросы о регистрации и управлении учетными записями
Как перенести пользователя из одного профиля в другой?;Вопросы о регистрации и управлении учетными записями
Личный кабинет компании;Вопросы о регистрации и управлении учетными записями
Заполнение формы жалобы о необоснованной блокировке;Вопросы о регистрации и управлении учетными записями
Просмотр жалобы о необоснованной блокировке;Вопросы о регистрации и управлении учетными записями
Запрос дополнительной информации по жалобе о необоснованной блокировке поставщика;Вопросы о регистрации и управлении учетными записями
Мои котировочные сессии;Вопросы о регистрации и управлении учетными записями
Регистрация в качестве физического лица;Вопросы о регистрации и управлении учетными записями
Категории и права пользователей;Вопросы о регистрации и управлении учетными записями
Назначение ролей пользователю организации;Вопросы о регистрации и управлении учетными записями
История блокировок пользователя;Вопросы о регистрации и управлении учетными записями
Блокировка пользователя организации;Вопросы о регистрации и управлении учетными записями
История изменения ролей;Вопросы о регистрации и управлении учетными записями
Создание новой организации;Вопросы о регистрации и управлении учетными записями
Панель управления пользователя;Вопросы о регистрации и управлении учетными записями
Регистрация Уполномоченного органа на Порталапоставщиков;Вопросы о регистрации и управлении учетными записями
Профиль пользователя;Вопросы о регистрации и управлении учетными записями
Dобавление и блокировка пользователей организации;Вопросы о регистрации и управлении учетными записями
Создание нового пользователя организации;Вопросы о регистрации и управлении учетными записями
Профиль компании;Вопросы о регистрации и управлении учетными записями
Заявка на изменение сведений о компании;Вопросы о регистрации и управлении учетными записями
Профиль компании заказчика;Вопросы о регистрации и управлении учетными записями
Профиль компании поставщика;Вопросы о регистрации и управлении учетными записями
Упрощенная регистрация пользователя;Вопросы о регистрации и управлении учетными записями
Регистрация по электронной подписи;Вопросы о регистрации и управлении учетными записями
Регистрация заказчика;Вопросы о регистрации и управлении учетными записями
Авторизация пользователя;Вопросы о регистрации и управлении учетными записями
Регистрация поставщика;Вопросы о регистрации и управлении учетными записями
Как пользователю пройти регистрацию на Портале поставщиков в качестве заказчика?;Вопросы о регистрации и управлении учетными записями
Как создать нового пользователя ?;Вопросы о регистрации и управлении учетными записями
Как на Портале поставщиков пользователю установить параметр «Счет используется в контрактной системе» в банковских реквизитах?;Вопросы о регистрации и управлении учетными записями
Как создать нового пользователя ?;Вопросы о регистрации и управлении учетными записями
Просмотр статуса обращения в службу технической поддержки авторизованного пользователя.;Вопросы о регистрации и управлении учетными записями
Как заполнить раздел «Контактная информация» в профиле компании в случае отсутствия сайта?;Вопросы о регистрации и управлении учетными записями
Как заполнить поле адрес при подаче заявки на регистрацию компании на Портале поставщиков?;Вопросы о регистрации и управлении учетными записями
Как добавить фото или изображение в профиль пользователя?;Вопросы о регистрации и управлении учетными записями
Регистрация пользователя без электронной подписи;Вопросы о регистрации и управлении учетными записями
Регистрация пользователя без электронной подписи;Вопросы о регистрации и управлении учетными записями
Как зарегистрироваться на Портале поставщиков?;Вопросы о регистрации и управлении учетными записями
Регистрация пользователя с помощью электронной подписи;Вопросы о регистрации и управлении учетными записями
Регистрация пользователя без электронной подписи;Вопросы о регистрации и управлении учетными записями
Как заполнить раздел «Статистические коды» при подаче заявки на регистрацию компании?;Вопросы о регистрации и управлении учетными записями
Как заполнить поля с адресом при подаче заявки на регистрацию компании?;Вопросы о регистрации и управлении учетными записями
Почему рядом с иконкой личного кабинета отображается фраза «Есть ограничения»?;Вопросы о регистрации и управлении учетными записями
Как войти на Портал поставщиков по логину и паролю?;Вопросы о регистрации и управлении учетными записями
Как войти на Портал поставщиков после смены владельца сертификата электронной подписи?;Вопросы о регистрации и управлении учетными записями
Как восстановить доступ к личному кабинету на Портале поставщиков?;Вопросы о регистрации и управлении учетными записями
Не приходит временный пароль;Вопросы о регистрации и управлении учетными записями
Не приходит временный пароль для восстановления доступа к личному кабинету;Вопросы о регистрации и управлении учетными записями
Авторизация на Портале поставщиков с помощью учетной записи на mos.ru;Вопросы о регистрации и управлении учетными записями
Как войти на Портал поставщиков по электронной подписи?;Вопросы о регистрации и управлении учетными записями
Сроки и основания блокировки на Портале поставщиков;Вопросы о регистрации и управлении учетными записями
Если поставщик заблокирован на Портале поставщиков, будет ли он внесен в реестр недобросовестных поставщиков?;Вопросы о регистрации и управлении учетными записями
Как проверить причину блокировки личного кабинета?;Вопросы о регистрации и управлении учетными записями
Как понять кем произведена блокировка?;Вопросы о регистрации и управлении учетными записями
Может ли поставщик, заблокированный на Портале поставщиков, выполнять ранее возникшие обязательства (подписывать оферты и заключать контракты)?;Вопросы о регистрации и управлении учетными записями
Как обжаловать блокировку на Портале поставщиков?;Вопросы о регистрации и управлении учетными записями
Что делать, если срок блокировки истек, а личный кабинет заблокирован?;Вопросы о регистрации и управлении учетными записями
Как изменить должность пользователя?;Вопросы о регистрации и управлении учетными записями
Как скорректировать ФИО пользователя?;Вопросы о регистрации и управлении учетными записями
Как добавить фото или изображение в профиль пользователя?;Вопросы о регистрации и управлении учетными записями
Как изменить наименование организации на Портале поставщиков?;Вопросы о регистрации и управлении учетными записями
Как изменить контактную информацию организации на Портале поставщиков?;Вопросы о регистрации и управлении учетными записями
Как изменить юридической адрес организации на Портале поставщиков?;Вопросы о регистрации и управлении учетными записями
Как изменить банковские реквизиты организации или добавить новые на Портале поставщиков?;Вопросы о регистрации и управлении учетными записями
Как изменить сведения о компании?;Вопросы о регистрации и управлении учетными записями
Какие полномочия должны быть у пользователя для подачи заявки на изменение данных?;Вопросы о регистрации и управлении учетными записями
Как объединить профили организации?;Вопросы о регистрации и управлении учетными записями
Как перенести пользователя из одного профиля в другой?;Вопросы о регистрации и управлении учетными записями
Авторизация на Портале поставщиков, используя учетную запись на Едином портале торгов Московской области ЕАСУЗ;Вопросы о регистрации и управлении учетными записями
Как изменить электронную почту пользователя?;Вопросы о регистрации и управлении учетными записями
Как сменить пароль?;Вопросы о регистрации и управлении учетными записями
Авторизация на Портале поставщиков через ВТБ коннект;Вопросы о регистрации и управлении учетными записями
Как создать нового пользователя?;Вопросы о регистрации и управлении учетными записями
Как предоставить полномочия пользователю?;Вопросы о регистрации и управлении учетными записями
Как удалить уведомления из личного кабинета?;Вопросы о регистрации и управлении учетными записями
Как отключить уведомления, поступающие в личный кабинет?;Вопросы о регистрации и управлении учетными записями
Как настроить уведомления, чтобы получать приглашения к участию в предстоящих котировочных сессиях и других закупках?;Вопросы о регистрации и управлении учетными записями
Не поступают уведомления в личный кабинет;Вопросы о регистрации и управлении учетными записями
Как произвести настройку уведомлений в личном кабинете?;Вопросы о регистрации и управлении учетными записями
Утверждение заявки на регистрацию новой организации;Котировочные сессии и закупки
Участие поставщика в котировочной сессии;Котировочные сессии и закупки
Создание котировочных сессий;Котировочные сессии и закупки
Какие действия нужно совершить заказчику после подтверждения заявки поставщиком на прямую закупку?;Котировочные сессии и закупки
Dобавление файла с техническим заданием в карточку котировочной сессии;Котировочные сессии и закупки
Могут ли отличаться объем/характеристики в спецификации и размещенной документации в котировочной сессии?;Котировочные сессии и закупки
Как создать котировочную сессию для региональных заказчиков, работающих напрямую на Портале поставщиков?;Котировочные сессии и закупки
Новая статья про котировочные сессии 1;Котировочные сессии и закупки
Правила проведения котировочной сессии;Котировочные сессии и закупки
Как понять объявлена ли ставка участником котировочной сессии?;Котировочные сессии и закупки
Что такое котировочная сессия?;Котировочные сессии и закупки
Кто может принять участие в котировочных сессиях?;Котировочные сессии и закупки
Кто является победителем котировочной сессии?;Котировочные сессии и закупки
В каких случаях победа переходит к следующему за победителем участнику котировочной сессии?;Котировочные сессии и закупки
Какие дальнейшие действия у поставщика после победы в котировочной сессии?;Котировочные сессии и закупки
Почему победа в котировочной сессии перешла другому участнику?;Котировочные сессии и закупки
Почему по окончании котировочной сессии появился другой победитель, если наша ставка лучшая?;Котировочные сессии и закупки
Как подписать массово все оферты по итогам котировочных сессий?;Котировочные сессии и закупки
Почему котировочная сессия продолжается после установленного срока ее окончания?;Котировочные сессии и закупки
Окончание срока проведения котировочной сессии, подписание оферты и контракта выпадает на выходной день;Котировочные сессии и закупки
Как понять объявлена ли ставка участником котировочной сессии?;Котировочные сессии и закупки
Порядок действий участника котировочной сессии в случае победы;Котировочные сессии и закупки
Последствия неподписания победителем оферты или контракта (договора) по итогам котировочной сессии;Котировочные сессии и закупки
Как найти котировочную сессию, в которой поставщик принимал участие?;Котировочные сессии и закупки
Что такое совместная котировочная сессия и чем она удобна?;Котировочные сессии и закупки
Что такое закупка по потребностям?;Котировочные сессии и закупки
Как определяется победитель закупки по потребностям?;Котировочные сессии и закупки
Может ли поставщик отозвать свою оферту в закупке по потребностям?;Котировочные сессии и закупки
Не публикуется оферта (ценовое предложение) в закупке по потребности;Котировочные сессии и закупки
Как найти интересующую закупку по потребностям?;Котировочные сессии и закупки
Какую цену необходимо указывать поставщику при подаче ценового предложения в закупке по потребности?;Котировочные сессии и закупки
Ошибка сохранения СТЕ 'Не заполнены обязательные характеристики: ...';Ошибки сайта
При создании оферты ошибка 'СТЕ находится в архиве';Ошибки сайта
В нашей оферте отображается, что по ней заключены контракты, но у нас контрактов нет;Ошибки сайта
Ошибка загрузки файла YML;Ошибки сайта
Ошибка формата' при загрузке прайс-листа;Ошибки сайта
Ошибка 'Некорректное наименование файла'.;Ошибки сайта
Ошибка при подписании оферты (Ошибка инициализации объекта хэша);Ошибки сайта
Ошибка при подписания оферты (ошибка вычисления подписи);Ошибки сайта
При отправке заявки на регистрацию компании в роли заказчика на Портале поставщиков возникает ошибка: «ИНН компании на регистрацию не совпадает с ИНН из ЭЦП».;Ошибки сайта
Ошибка загрузки файла YML;Ошибки сайта
Отправлено приглашение Заказчику, ошибка: 'заказчик не в ЭДО';Ошибки сайта
При формировании или обновлении УПД появляется сообщение об ошибке;Ошибки сайта
После частичного выполнения обязательств по контракту поставщик осуществил попытку формирования УПД, после чего в система появлялось автоматическое сообщение «Ошибка валидации».;Ошибки сайта
При заполнении УПД возникает ошибка в поле 'КОЛИЧЕСТВО'.;Ошибки сайта
Ошибка: Не указано ни одного счета с отметкой «Счет используется в контрактной системе»;Ошибки сайта
Ошибка при обновлении УПД;Ошибки сайта
Ошибка: Не указано ни одного счета с отметкой «Счет используется в контрактной системе»;Ошибки сайта
При сохранении спецификации исполнения по контракту малого объема возникает ошибка: Не заполнено поле «Сумма штрафа/пени по исполнению контракта»;Ошибки сайта
Что делать , если появляется ошибка 'Операция завершена с ошибкой' , 'При загрузке характеристик произошла ошибка' при попытке выбрать вид товара/работы/услуги в создаваемой котировочной сессии на Портале поставщиков?;Ошибки сайта
Что делать , если появляется ошибка 'Операция завершена с ошибкой' , 'При загрузке характеристик произошла ошибка' при попытке выбрать вид товара/работы/услуги в создаваемой котировочной сессии на Портале поставщиков?;Ошибки сайта
Ошибка при вводе контактного телефона;Ошибки сайта
Как обновить данные из контракта ГИС ЕИС для устранения ошибки РДИК_ИК_0008;Ошибки сайта
Как исправить ошибку РДИК_ИК_0005, если поставщик ИП?;Ошибки сайта
При регистрации возникает ошибка 'Этот логин уже используется другим пользователем. Пожалуйста, выберите другой';Ошибки сайта
При прикреплении электронной подписи возникает ошибка 'Этот сертификат уже используется другим пользователем';Ошибки сайта
При прикреплении электронной подписи возникает ошибка 'Этот сертификат уже используются другим пользователем';Ошибки сайта
При подаче заявки на регистрацию компании возникает ошибка «Не заполнены поля «Банковский идентификационный код» и «Расчетный счет»;Ошибки сайта
При авторизации по электронной подписи возникает ошибка: «Ошибка вычисления подписи»;Ошибки сайта
При авторизации по электронной подписи возникает ошибка «Нет установленных сертификатов»;Ошибки сайта
При авторизации по электронной подписи возникает ошибка: «Не найден пользователь с указанным сертификатом»;Ошибки сайта
При смене электронной почты появляется ошибка 'Этот E-mail уже используется другим пользователем. Пожалуйста, выберите другой';Ошибки сайта
При авторизации по электронной подписи появляется ошибка: «Сертификат не зарегистрирован»;Ошибки сайта
При подписании оферты возникает ошибка;Ошибки сайта
Появляется ошибка при подаче поставщиком предложения в закупке по потребности;Ошибки сайта
Подписание контракта после отказа от заключения со стороны заказчика.;Работа с контрактами
Участие в котировочной сессии;Работа с контрактами
Страница контракта организации;Работа с контрактами
Определение победителя и заключение контракта с победителем закупки с неизвестным объемом;Работа с контрактами
Создание и публикация закупки с неизвестным объемом (по цене за единицу продукции);Работа с контрактами
Уведомления о наступающих сроках исполнения этапа;Работа с контрактами
Уведомление «Есть ограничения»;Работа с контрактами
Заявка в статусе 'Черновик', сколько ждать рассмотрения заявки?;Работа с контрактами
Расторжение контракта;Работа с контрактами
Товары и оферты;Работа с контрактами
Исполнение контракта;Работа с контрактами
Расторжение контракта;Работа с контрактами
Подписание контракта;Работа с контрактами
Регистрация контракта на бумажном носителе;Работа с контрактами
Работа с контрактами, Мои контракты;Работа с контрактами
Страница исполнения контракта (Регистрация);Работа с контрактами
Контракт сформирован ошибочно или нарушен процесс обмена данным об УПД между ЕИС и Порталом поставщиков;Работа с контрактами
Некорректно указана дата заключения контракта;Работа с контрактами
Некорректно указана дата окончания периода действия контракта;Работа с контрактами
Изменить предмет контракта у регионального заказчика.;Работа с контрактами
Отсутствуют электронные подписи сторон в заключенном контракте.;Работа с контрактами
Отказ от заключения контракта;Работа с контрактами
Контракт не появился из внешней/региональной информационной системы;Работа с контрактами
Как заполнить раздел «Статистические коды» при подаче заявки на регистрацию компании?;Справочная информация и поддержка
Где можно найти виджеты Портала поставщиков?;Справочная информация и поддержка
Как присоединиться к тематической странице/группе в социальной сети о Портале поставщиков?;Справочная информация и поддержка
Как добавить характеристики, если их нет в выпадающем списке;Справочная информация и поддержка
Отображение оферты;Справочная информация и поддержка
Удаление оферты;Справочная информация и поддержка
Статус оферты 'Ввод сведений';Справочная информация и поддержка
Внесение изменений в оферту;Справочная информация и поддержка
Как выбрать категорию продукции?;Справочная информация и поддержка
Как найти заявку СТЕ?;Справочная информация и поддержка
Типы характеристик и как их заполнять?;Справочная информация и поддержка
Как на Портале поставщиков пользователю ознакомиться с карточкой поставщика/ карточкой заказчика своей организации?;Справочная информация и поддержка
Как на Портале поставщиков ознакомиться с информацией по регионам?;Справочная информация и поддержка
Оферта в статусе 'Ввод сведений' после заявки на СТЕ;Справочная информация и поддержка
Действия после отправки заявки на добавление СТЕ;Справочная информация и поддержка
При каких условиях в оферте возможна прямая закупка?;Справочная информация и поддержка
Как определяется срок действия оферты?;Справочная информация и поддержка
В каком формате загружать прайс-листы?;Справочная информация и поддержка
Требования к изображению в прайс-листе;Справочная информация и поддержка
Что такое 'Количественные характеристики'?;Справочная информация и поддержка
Что такое 'Качественные характеристики';Справочная информация и поддержка
Как изменить/продлить срок действия оферты?;Справочная информация и поддержка
Какие полномочия должны быть присвоены пользователю для подачи заявки на изменение данных компании на Портале поставщиков?;Справочная информация и поддержка
Что такое 'Артикул' в оферте?;Справочная информация и поддержка
Что такое шаблон СТЕ?;Справочная информация и поддержка
Кто является Уполномоченным органом по нашему региону?;Справочная информация и поддержка
Кто рассматривает заявки на регистрацию региональных заказчиков на Портале поставщиков?;Справочная информация и поддержка
Какие существуют требования к поставляем товарам/работам/услугам?;Справочная информация и поддержка
Что значит уведомление 'Права ограничены'?;Справочная информация и поддержка
Кто может быть поставщиком на Портале поставщиков?;Справочная информация и поддержка
Что делать московскому заказчику, если в ЕАИСТ котировочная сессия отменена, а на Портале поставщиков активна?;Справочная информация и поддержка
Видео;Справочная информация и поддержка
Термины и сокращения;Справочная информация и поддержка
Вход на главную страницу портала;Справочная информация и поддержка
Отправлено приглашение Заказчику по установки связи по ЭДО;Справочная информация и поддержка
Отказ в подписании контракта;Справочная информация и поддержка
Надо ли регистрироваться в ЭДО на каждом контракте?;Справочная информация и поддержка
Когда работа Поставщика с контрактом закончена? Cтатус контракта исполнен, документы не подгружены, cвязь с заказчиком отклонена/в процессе;Справочная информация и поддержка
Заказчик просит выслать УПД повторно;Справочная информация и поддержка
Карта сайта;Справочная информация и поддержка
Главная страница Портала Поставщиков на других языках;Справочная информация и поддержка
Страница исполнения контракта (Этап поставки);Справочная информация и поддержка
Уведомления о наступающих сроках исполнения этапа;Справочная информация и поддержка
Мои оферты;Справочная информация и поддержка
Поиск оферт по СТЕ;Справочная информация и поддержка
Реестр жалоб поставщика при автоматической блокировке;Справочная информация и поддержка
Проверка записи в реестре недобросовестных поставщиков (подрядчиков, исполнителей);Справочная информация и поддержка
Способы формирования YML прайс-листа;Справочная информация и поддержка
Основные блоки, которые должен содержать YML прайс-лист;Справочная информация и поддержка
Пример YML-формата для массовой загрузки прайс-листов;Справочная информация и поддержка
Описание типов данных, используемых при определении полей документов;Справочная информация и поддержка
Вопросы и ответы;Справочная информация и поддержка
Создание и публикация закупки по потребностям;Справочная информация и поддержка
Публикация потребности с помощью сервиса интеграционного взаимодействия.;Справочная информация и поддержка
Закупка с неизвестным объемом (по цене за единицу продукции);Справочная информация и поддержка
Способы создания оферт и СТЕ;Справочная информация и поддержка
Публичная страница контракта;Справочная информация и поддержка
Подача предложений для опубликованной закупки по потребности;Справочная информация и поддержка
Страница плана-графика закупок;Справочная информация и поддержка
Страница плана закупок;Справочная информация и поддержка
Страница оферты;Справочная информация и поддержка
Знакомство с Порталом поставщиков;Справочная информация и поддержка
Элементы интерфейса и условные обозначения;Справочная информация и поддержка
История блокировок организации;Справочная информация и поддержка
Разблокировка организации;Справочная информация и поддержка
Блокировка организации;Справочная информация и поддержка
Описание общего процесса функционирования портала;Справочная информация и поддержка
Назначение подсистемы и краткое описание возможностей;Справочная информация и поддержка
Аварийные ситуации;Справочная информация и поддержка
Создание обращения в службу технической поддержки;Справочная информация и поддержка
Центр поддержки пользователей;Справочная информация и поддержка
Информационный блок «Как стать поставщиком»;Справочная информация и поддержка
Как найти каталог товаров (СТЕ)?;Справочная информация и поддержка
Карточки закупок в едином реестре;Справочная информация и поддержка
Управление рассылками;Справочная информация и поддержка
Требования к ссылкам и изображениям;Справочная информация и поддержка
Требования к изображениям;Справочная информация и поддержка
Требования к YML-файлу и способы формирования YML прайс-листа;Справочная информация и поддержка
Структура YML файла, его основные блоки;Справочная информация и поддержка
Элемент categories;Справочная информация и поддержка
Элемент offers;Справочная информация и поддержка
Элемент delivery-options;Справочная информация и поддержка
Элемент picture;Справочная информация и поддержка
Элемент param;Справочная информация и поддержка
XSD-схема для массовой загрузки оферт;Справочная информация и поддержка
Описание типов данных, используемых при определении полей документов;Справочная информация и поддержка
Справочники Портала поставщиков;Справочная информация и поддержка
Состав элемента, входящего в shop;Справочная информация и поддержка
Элемент currencies;Справочная информация и поддержка
Ограничения по способам закупок на отдельные виды товаров, работ, услуг;Справочная информация и поддержка
Проверка записи в реестре недобросовестных поставщиков (подрядчиков, исполнителей);Справочная информация и поддержка
Страница закупки по потребностям;Справочная информация и поддержка
Предложения;Справочная информация и поддержка
Раздел 'Мои заявки';Справочная информация и поддержка
В каких случаях право может перейти следующему за победителем участнику котировочной сессии;Справочная информация и поддержка
Раздел 'Моя корзина';Справочная информация и поддержка
Определение победителя в котировочной сессии;Справочная информация и поддержка
Единый реестр закупок;Справочная информация и поддержка
Как посмотреть закупки, размещенные на ЕИС?;Справочная информация и поддержка
Интерактивная карта регионов;Справочная информация и поддержка
Карта сайта;Справочная информация и поддержка
Страница товара (СТЕ);Справочная информация и поддержка
Раздел «Мои контракты»;Справочная информация и поддержка
Мои документы;Справочная информация и поддержка
Раздел 'Моя корзина';Справочная информация и поддержка
Центр поддержки пользователей;Справочная информация и поддержка
Главное меню портала (всплывающее);Справочная информация и поддержка
Требования к программному и техническому обеспечению и уровню подготовки пользователя;Справочная информация и поддержка
Реестр планов закупок и планов-графиков закупок;Справочная информация и поддержка
Поиск планов и планов-графиков закупок;Справочная информация и поддержка
Публичный реестр контрактов;Справочная информация и поддержка
Что такое 'Срок действия предложения' в закупке по потребности?;Справочная информация и поддержка
Публичная страница контракта;Справочная информация и поддержка
Реестр поставщиков;Справочная информация и поддержка
Страница поставщика;Справочная информация и поддержка
Реестр заказчиков;Справочная информация и поддержка
Страница заказчика;Справочная информация и поддержка
Список аккредитованных удостоверяющих центров;Справочная информация и поддержка
Как на Портале поставщиков ознакомиться с карточкой поставщика?;Справочная информация и поддержка
Как на Портале поставщиков ознакомиться с профилем заказчика?;Справочная информация и поддержка
Как на Портале поставщиков ознакомиться с реестром поставщиков?;Справочная информация и поддержка
Как на Портале поставщиков ознакомиться с реестром поставщиков?;Справочная информация и поддержка
Как на Портале поставщиков ознакомиться с реестром заказчиков?;Справочная информация и поддержка
Как пользователю ознакомиться с публичным профилем своей организации?;Справочная информация и поддержка
Как на Портале поставщиков ознакомиться с информацией о регионах?;Справочная информация и поддержка
Что такое шаблон стандартной товарной единицы (СТЕ)?;Справочная информация и поддержка
Как найти потребность на Портале поставщиков?;Справочная информация и поддержка
Электронное исполнение;Справочная информация и поддержка
Руководство пользователя по электронному исполнению контракта;Справочная информация и поддержка
Руководство пользователя для покупателя (ПТК);Справочная информация и поддержка
Как в Исполнении контрактов, электронно актируемых через ЕИС, указать КПП крупнейшем налогоплательщике, и что делать, если у организации 2 и более КПП;Справочная информация и поддержка
Что делать по Исполнениям контрактов, электронно актируемых через ЕИС,если контракт сформирован ошибочно или нарушен процесс обмена данным об УПД между ЕИС и Порталом поставщиков;Справочная информация и поддержка
Тестовая статья;Справочная информация и поддержка
Как создать закупку из корзины?;Справочная информация и поддержка
Публикация информации о Портале в выбранной социальной сети;Справочная информация и поддержка
Создание обращения в службу технической поддержки;Справочная информация и поддержка
Какая электронная подпись используется на Портале поставщиков?;Справочная информация и поддержка
Проверить статус обращения в службу технической поддержки;Справочная информация и поддержка
Кто может являться заказчиком на Портале поставщиков?;Справочная информация и поддержка
Руководство пользователя для производителя (ПТК);Справочная информация и поддержка
Кто является Уполномоченным органом по нашему региону?;Справочная информация и поддержка
Что такое оферта?;Справочная информация и поддержка
В каких случаях победа переходит ко второму участнику котировочной сессии?;Справочная информация и поддержка
Как осуществляется прямая закупка на Портале поставщиков?;Справочная информация и поддержка
Кто может быть поставщиком на Портале поставщиков?;Справочная информация и поддержка
Сколько оферт можно подписать за один раз?;Справочная информация и поддержка
Правила заполнения полей статистических кодов ОКТМО и ОКАТО при подаче заявки на регистрацию/изменение данных компании на Портале поставщиков;Справочная информация и поддержка
Нужно ли прикладывать МЧД при подписании документов физическим лицом?;Справочная информация и поддержка
Нужно ли мне прикреплять свою МЧД, если я генеральный директор фирмы и у меня своя ЭП?;Справочная информация и поддержка
Нужно ли мне прикреплять свою МЧД, если я индивидуальный предприниматель и у меня своя ЭЦП?;Справочная информация и поддержка
Нужно ли при формировании оферты, подписании контракта и УПД прикреплять МЧД?;Справочная информация и поддержка
Нужно ли срочно выпускать новую квалифицированную электронную подпись без МЧД?;Справочная информация и поддержка
Нужно ли срочно перевыпускать квалифицированную электронную подпись с МЧД, если есть действующая?;Справочная информация и поддержка
Что такое МЧД?;Справочная информация и поддержка
тест знания;Справочная информация и поддержка
тест знания;Справочная информация и поддержка
Тест;Справочная информация и поддержка
Список аккредитованных Удостоверяющих центров;Справочная информация и поддержка
Требования к рабочему месту пользователя уполномоченного органа;Справочная информация и поддержка
Что должна содержать МЧД?;Справочная информация и поддержка
Поставщик не выходит на связь после победы в котировочной сессии?;Справочная информация и поддержка
Определение победителя и заключение контракта с поставщиком, подавшим предложение в закупке по потребности;Справочная информация и поддержка
Статья;Справочная информация и поддержка
Как получить статус производителя?;Справочная информация и поддержка
Как проверить подлинность сертификата электронной подписи?;Справочная информация и поддержка
Какой пароль вводить при смене электронной подписи?;Справочная информация и поддержка
Нужна ли МЧД руководителю, генеральному директору или директору?;Справочная информация и поддержка
Как заполнить раздел «Контактная информация» в профиле компании в случае отсутствия сайта?;Справочная информация и поддержка
Нужна ли МЧД руководителю, генеральному директору или директору?;Справочная информация и поддержка
Нужна ли МЧД директору филиала?;Справочная информация и поддержка
Нужна ли МЧД физическому лицу?;Справочная информация и поддержка
Нужна ли МЧД индивидуальному предпринимателю?;Справочная информация и поддержка
Где и как сформировать МЧД?;Справочная информация и поддержка
Какие полномочия должны быть в МЧД для работы на Портале?;Справочная информация и поддержка
При каких действиях на Портале поставщиков требуется МЧД и кому?;Справочная информация и поддержка
Что должна содержать МЧД?;Справочная информация и поддержка
Какие отличия между сертификатами электронной подписи физического, юридического лица, а также индивидуального предпринимателя?;Справочная информация и поддержка
Как проверить статус обращения в службу технической поддержки?;Справочная информация и поддержка
Как проверить статус обращения, направленного в службу технической поддержки?;Справочная информация и поддержка
Кто является администратором компании?;Справочная информация и поддержка
Как изменить единицу измерения в оферте;Стандартные товарные единицы (СТЕ)
Отображение оферт по результатам Котировочной сессии в открытом доступе;Стандартные товарные единицы (СТЕ)
Единица измерения СТЕ;Стандартные товарные единицы (СТЕ)
Как поменять КПГЗ в стандартной товарной единице (СТЕ)?;Стандартные товарные единицы (СТЕ)
Сколько характеристик нужно для СТЕ?;Стандартные товарные единицы (СТЕ)
Единицы измерения при формировании оферты;Стандартные товарные единицы (СТЕ)
Раздел 'Полученные заявки' на прямую закупку;Стандартные товарные единицы (СТЕ)
Раздел 'Уведомления';Стандартные товарные единицы (СТЕ)
Каталог товаров (СТЕ);Стандартные товарные единицы (СТЕ)
Каталог товаров (СТЕ);Стандартные товарные единицы (СТЕ)
Поиск СТЕ;Стандартные товарные единицы (СТЕ)
Поиск стандартной товарной единицы (СТЕ);Стандартные товарные единицы (СТЕ)
Товары (СТЕ);Стандартные товарные единицы (СТЕ)
Код КПГЗ в оферте отличается от СТЕ;Стандартные товарные единицы (СТЕ)
Какой срок рассмотрения заявок на создание новой позиции СТЕ или внесение изменений в действующую позицию СТЕ?;Стандартные товарные единицы (СТЕ)
Как узнать причину отклонения заявки на новую позицию СТЕ?;Стандартные товарные единицы (СТЕ)
Как отправить СТЕ в архив?;Стандартные товарные единицы (СТЕ)
Что такое СТЕ?;Стандартные товарные единицы (СТЕ)
Куда обращаться при отклонении СТЕ?;Стандартные товарные единицы (СТЕ)
Кто на Портале утверждает заявки на СТЕ?;Стандартные товарные единицы (СТЕ)
Как указать несколько регионов при создании СТЕ;Стандартные товарные единицы (СТЕ)
Наличие связи СТЕ-КТРУ. Актуализация СТЕ при внесении изменений в КТРУ.;Стандартные товарные единицы (СТЕ)
Наличие связи СТЕ-КТРУ. Актуализация СТЕ при внесении изменений в КТРУ.;Стандартные товарные единицы (СТЕ)
О соответствии условий и наименований;Стандартные товарные единицы (СТЕ)
О наименовании медицинских изделий;Стандартные товарные единицы (СТЕ)
Кто утверждает новую СТЕ или вносит изменения в действующую позицию СТЕ?;Стандартные товарные единицы (СТЕ)
Как отозвать отправленную на рассмотрение заявку на СТЕ?;Стандартные товарные единицы (СТЕ)
Как ускорить срок рассмотрения заявки на создание новой позиции СТЕ или внесение изменений в действующую позицию СТЕ?;Стандартные товарные единицы (СТЕ)
Как отредактировать характеристики в возвращенной на доработку СТЕ?;Стандартные товарные единицы (СТЕ)
Заявка отклонена с причиной «Предложена другая СТЕ»?;Стандартные товарные единицы (СТЕ)
Как заполнить наименование;Стандартные товарные единицы (СТЕ)
Заполнение характеристик СТЕ;Стандартные товарные единицы (СТЕ)
Поля в заявке на создание СТЕ;Стандартные товарные единицы (СТЕ)
Какие изображения должны быть в СТЕ?;Стандартные товарные единицы (СТЕ)
Как заполнять наименование СТЕ?;Стандартные товарные единицы (СТЕ)
Настройка MS Word перед работой;Технические вопросы и настройки
Новая версия опубликованного шаблона;Технические вопросы и настройки
Разблокировка пользователя;Технические вопросы и настройки
При подаче заявки на регистрацию компании возникает ошибка «Не заполнены поля «Банковский идентификационный код» и «Расчетный счет»;Технические вопросы и настройки
Перевод страницы Портала поставщиков на иностранный язык.;Технические вопросы и настройки
Архивирование оферты;Технические вопросы и настройки
Как указать срок доставки в файле YML?;Технические вопросы и настройки
Как указать единицу измерения, если её нет в списке?;Технические вопросы и настройки
Как массово загрузить оферты?;Технические вопросы и настройки
Способы создания оферт и СТЕ;Технические вопросы и настройки
Заявка СТЕ утверждена, оферта отсутствует в 'Управление офертами';Технические вопросы и настройки
Нет нужной категории продукции на Портале Поставщиков;Технические вопросы и настройки
В оферте отображается КПГЗ отличный от СТЕ;Технические вопросы и настройки
Не получается редактировать оферту, созданную по результатам котировочной сессии;Технические вопросы и настройки
Отсутствует кнопка 'Опубликовать предложение';Технические вопросы и настройки
В оферте отсутствует ОКПД2;Технические вопросы и настройки
Как поменять ОКПД2 в оферте?;Технические вопросы и настройки
Как скопировать оферту?;Технические вопросы и настройки
Нет кнопки 'Прикрепить файл' в оферте;Технические вопросы и настройки
Не можем создать оферту, нет кнопки;Технические вопросы и настройки
Заявка на регистрацию компании/ изменение данных компании находится в статусе «Черновик».;Технические вопросы и настройки
Заявка на регистрацию компании/ изменение данных компании находится в статусе «Требуется уточнение».;Технические вопросы и настройки
Заявка на регистрацию регионального заказчика на Портале поставщиков рассматривается более суток.;Технические вопросы и настройки
Несколько услуг по одной оферте, комплексная оферта;Технические вопросы и настройки
При создании СТЕ отсутствует поле 'Описание';Технические вопросы и настройки
При создании СТЕ в поле 'Регион поставки' не отображается нужный город/населенный пункт;Технические вопросы и настройки
Заявка в статусе 'Редактирование', сколько ждать рассмотрения заявки;Технические вопросы и настройки
Как изменить ФЗ (закон-основание) в оферте?;Технические вопросы и настройки
Где взять артикул;Технические вопросы и настройки
Заказчик не видит оферту, созданную по результатам КС;Технические вопросы и настройки
Как указать НДС, если мы работаем без НДС;Технические вопросы и настройки
Сколько оферт можно подписать за один раз;Технические вопросы и настройки
Возможно ли массовое подписание оферт на Портале Поставщиков?;Технические вопросы и настройки
Как вернуть оферту из архива?;Технические вопросы и настройки
СТЕ подтверждена, а у оферты номер не появился;Технические вопросы и настройки
Как ознакомиться со статистикой региона профиле Уполномоченного органа?;Технические вопросы и настройки
Как утвердить заявку на регистрацию организации в качестве заказчика на Портале поставщиков в профиле Уполномоченного органа?;Технические вопросы и настройки
Как отклонить заявку на регистрацию организации в качестве заказчика на Портале поставщиков в профиле Уполномоченного органа?;Технические вопросы и настройки
Как создать карточку новой компании на Портале поставщиков в профиле Уполномоченного органа?;Технические вопросы и настройки
Как создать карточку нового пользователя на Портале поставщиков в профиле Уполномоченного органа?;Технические вопросы и настройки
Как заблокировать компанию на Портале поставщиков в профиле Уполномоченного органа?;Технические вопросы и настройки
Как разблокировать компанию на Портале поставщиков в профиле Уполномоченного органа?;Технические вопросы и настройки
Как посмотреть историю блокировок компании на Портале поставщиков в профиле Уполномоченного органа?;Технические вопросы и настройки
Как заблокировать пользователя компании на Портале поставщиков в профиле Уполномоченного органа?;Технические вопросы и настройки
Как разблокировать пользователя компании на Портале поставщиков в профиле Уполномоченного органа?;Технические вопросы и настройки
Как посмотреть историю блокировок пользователя компании на Портале поставщиков в профиле Уполномоченного органа?;Технические вопросы и настройки
Как объединить профили организации?;Технические вопросы и настройки
Контракт подписан, но в региональной системе его не видно.;Технические вопросы и настройки
В нашей оферте отображается, что по ней заключены контракты, но у нас контрактов нет;Технические вопросы и настройки
Не могу редактировать оферту по КС;Технические вопросы и настройки
Отображение оферты по результатам котировочной сессии для Заказчика;Технические вопросы и настройки
Как войти на Портал поставщиков после смены владельца сертификата электронной подписи?;Технические вопросы и настройки
Не могу скачать документ контракта/не могу скачать документ контракта с подписью.;Технические вопросы и настройки
Как изменить тип компании?;Технические вопросы и настройки
Как прикрепить электронную подпись?;Технические вопросы и настройки
Массовое архивирование оферт;Технические вопросы и настройки
Заказчику не приходит УПД;Технические вопросы и настройки
Просмотр и выгрузка документов контракта;Технические вопросы и настройки
Наименования товара в исполнении контракта не соответствуют наименованиям в котировочной сессии;Технические вопросы и настройки
Не добавляется исполнение;Технические вопросы и настройки
Необходимые действия при сбое в работе Подсистемы;Технические вопросы и настройки
Несанкционированное вмешательство в Подсистему;Технические вопросы и настройки
Создание оферты;Технические вопросы и настройки
Обновление прайс-листов;Технические вопросы и настройки
Формирование протокола разногласий;Технические вопросы и настройки
Автоматическая блокировка поставщиков. Сроки и основания;Технические вопросы и настройки
Регистрация жалобы Арбитражной комиссией;Технические вопросы и настройки
Публикация котировочной сессии;Технические вопросы и настройки
Отмена и удаление закупки по потребности;Технические вопросы и настройки
Настройка MS Word перед работой;Технические вопросы и настройки
Завершение котировочной сессии;Технические вопросы и настройки
Удаление поданного предложения;Технические вопросы и настройки
Отправка ответа по заявке на прямую закупку;Технические вопросы и настройки
Подключение электронной подписи;Технические вопросы и настройки
Подтверждение уведомления о регистрации исполнения в ЭДО;Технические вопросы и настройки
Работа с задачами;Технические вопросы и настройки
Работа с уведомлениями;Технические вопросы и настройки
Формирование XSD-схемы;Технические вопросы и настройки
Загрузка прайс-листа в Портал поставщиков;Технические вопросы и настройки
Публикация шаблона;Технические вопросы и настройки
Редактирование шаблона, удаление шаблона;Технические вопросы и настройки
Настройка MS Word перед работой;Технические вопросы и настройки
Поиск шаблонов;Технические вопросы и настройки
Новая версия опубликованного шаблона;Технические вопросы и настройки
Отправка шаблона в архив;Технические вопросы и настройки
Создание нового шаблона;Технические вопросы и настройки
Поиск шаблонов;Технические вопросы и настройки
Загрузка документа;Технические вопросы и настройки
Подготовка шаблона документа;Технические вопросы и настройки
Подготовка шаблона документа в MS Word;Технические вопросы и настройки
Загрузка шаблона документа;Технические вопросы и настройки
Проверка шаблона;Технические вопросы и настройки
Публикация закупки от имени Заказчика Уполномоченным органом;Технические вопросы и настройки
Массовое удаление или отправка в архив оферт;Технические вопросы и настройки
Прикрепление проекта контракта к одной или нескольким офертам;Технические вопросы и настройки
Регистрация и формирование документов;Технические вопросы и настройки
Заполнение формы жалобы о необоснованной блокировке;Технические вопросы и настройки
Получение решения арбитражной комиссии по жалобе;Технические вопросы и настройки
Создание и публикация оферты по результатам котировочнойсессии;Технические вопросы и настройки
Просмотр и поиск документов в разделе 'Мои документы';Технические вопросы и настройки
Создание заявки на прямую закупку;Технические вопросы и настройки
Выгрузка протокола по потребности;Технические вопросы и настройки
Dобавление файла с техническим заданием в карточку котировочной сессии;Технические вопросы и настройки
Поиск закупок в едином реестре;Технические вопросы и настройки
Подписки на закупки;Технические вопросы и настройки
Создание нового документа;Технические вопросы и настройки
Редактирование документа;Технические вопросы и настройки
Удаление документа;Технические вопросы и настройки
Отображение результатов поиска планов и планов-графиков закупок;Технические вопросы и настройки
Поиск контрактов в реестре;Технические вопросы и настройки
Регистрация и формирование документов;Технические вопросы и настройки
Уведомления о наступающих сроках исполнения этапа;Технические вопросы и настройки
Импорт сведений об организациях с помощью сервиса;Технические вопросы и настройки
Массовый импорт прайс-листа в формате YML в личном кабинете Поставщика;Технические вопросы и настройки
Подключение электронной подписи;Технические вопросы и настройки
Доработка УПД после отправки по замечаниям и ошибкам;Технические вопросы и настройки
Заказчик не видит УПД;Технические вопросы и настройки
Как найти необходимую потребность на Портале Поставщиков?;Технические вопросы и настройки
Как поменять КПГЗ в оферте;Технические вопросы и настройки
Как изменить сведения о компании?;Технические вопросы и настройки
Как изменить наименование организации на Портале поставщиков?;Технические вопросы и настройки
Как изменить контактную информацию организации на Портале поставщиков?;Технические вопросы и настройки
Как изменить банковские реквизиты организации на Портале поставщиков?;Технические вопросы и настройки
Как добавить банковский счет в банковских реквизитах организации на Портале поставщиков?;Технические вопросы и настройки
Как при формировании УПД изменить наименование товара?;Технические вопросы и настройки
Как при формировании УПД изменить наименование услуги/ работы?;Технические вопросы и настройки
Как изменить юридической адрес организации на Портале поставщиков?;Технические вопросы и настройки
Как проверить статус заявки на регистрацию/изменение данных компании на Портале поставщиков?;Технические вопросы и настройки
Как проверить причину отклонения заявки на регистрацию/изменение данных компании на Портале поставщиков?;Технические вопросы и настройки
Заявка на регистрацию/ изменение данных компании на Портале поставщиков находится в статусе «Отправляется» более суток;Технические вопросы и настройки
Как найти оферту по номеру?;Технические вопросы и настройки
Как выбрать другого поставщика по закупки по потребности, если поставщик отказался от заключения контракта?;Технические вопросы и настройки
Что делать, если уже более суток заявка на регистрацию/изменение данных организации на Портале поставщиков находится в статусе «Отправляется»?;Технические вопросы и настройки
Как проверить причину отклонения заявки на регистрацию/изменение данных пользователя на Портале поставщиков?;Технические вопросы и настройки
Почему на Портале поставщиков не появился контракт из региональной системы.;Технические вопросы и настройки
Почему неактивны поля при заполнении заявки на регистрацию компании на Портале поставщиков?;Технические вопросы и настройки
Как скопировать оферту?;Технические вопросы и настройки
Как указать НДС, если мы работаем без НДС;Технические вопросы и настройки
Заказчик не видит УПД;Технические вопросы и настройки
Заявка отклонена с причиной «Предложена другая СТЕ»?;Технические вопросы и настройки
Как поменять КПГЗ в оферте?;Технические вопросы и настройки
Как изменить сведения о компании?;Технические вопросы и настройки
Как изменить наименование организации на Портале поставщиков?;Технические вопросы и настройки
Как изменить контактную информацию организации на Портале поставщиков?;Технические вопросы и настройки
Как изменить банковские реквизиты организации на Портале поставщиков?;Технические вопросы и настройки
Как добавить банковский счет в банковских реквизитах организации на Портале поставщиков?;Технические вопросы и настройки
Как перевести УПД в статус редактирования по контракту, имеющему электронное исполнение через оператора ЭДО Калуга Астрал?;Технические вопросы и настройки
Как при формировании УПД по контракту, имеющему электронное исполнение через оператора ЭДО Калуга Астрал, изменить наименование товара?;Технические вопросы и настройки
Наименование закупочной продукции в исполнении контракта не соответствует наименованию продукции в контракте;Технические вопросы и настройки
Как на Портале поставщиков пользователю установить параметр «Счет используется в контрактной системе» в банковских реквизитах?;Технические вопросы и настройки
Как изменить адрес организации на Портале поставщиков?;Технические вопросы и настройки
Как проверить статус заявки на регистрацию/изменение данных компании на Портале поставщиков?;Технические вопросы и настройки
Поиск оферты по номеру;Технические вопросы и настройки
Как производителю разместить товар в каталоге предложений?;Технические вопросы и настройки
Как создать заявку на СТЕ без ценового предложения?;Технические вопросы и настройки
Как обсудить детали по совместной котировочной сессии?;Технические вопросы и настройки
Как сформировать УПД по товарам с разными номерами таможенной декларации?;Технические вопросы и настройки
Создание обращения в службу технической поддержки;Технические вопросы и настройки
Как указать несколько регионов при создании СТЕ;Технические вопросы и настройки
Как сформировать УПД по товарам с разными номерами таможенной декларации?;Технические вопросы и настройки
Автоставки;Технические вопросы и настройки
Внесение изменений в отправленный, но ещё не подписанный документ исполнения;Технические вопросы и настройки
Удаление исполнения по контрактам, исполняющимся электронно через ЕИС;Технические вопросы и настройки
Ответ на уведомление об уточнении - создание исправительного УПД в исполнении через ЕИС;Технические вопросы и настройки
Заключенный контракт не отображается в личном кабинете поставщика;Технические вопросы и настройки
Можно ли изменить номер контракта в карточке контракта?;Технические вопросы и настройки
Почему не получается скачать документ контракта/подписанный документ контракта?;Технические вопросы и настройки
Карта сайта;Технические вопросы и настройки
Заказчику не приходит УПД;Технические вопросы и настройки
Как направить УПД заказчику повторно;Технические вопросы и настройки
Как прикрепить электронную подпись?;Технические вопросы и настройки
Как сформировать счет при электронном документообороте;Технические вопросы и настройки
Создание дополнительного соглашения.;Технические вопросы и настройки
При заполнении заявки на регистрацию отсутствует поле 'Контактный телефон';Технические вопросы и настройки
Как удалить УПД по контракту, электронно исполняемому через оператора ЭДО Калуга Астрал?;Технические вопросы и настройки
Как в исполнениях контрактов, электронно актируемых через ГИС ЕИС, заполнить сведения о лекарственном препарате;Технические вопросы и настройки
Какие действия необходимо выполнить при запросе 2 xml и ИдТрПакет от службы технической поддержки ГИС ЕИС;Технические вопросы и настройки
Как в исполнении контрактов, электронно актируемых через ГИС ЕИС, вернуть УПД в черновик;Технические вопросы и настройки
Что делать, если в течение продолжительного времени не отображается страница потребности/происходит загрузка страницы?;Технические вопросы и настройки
Как изменить электронную подпись;Технические вопросы и настройки
Форма «Выбор ОКОПФ»;Технические вопросы и настройки
Форма «Подтверждения перехода к регистрации профиля» для ИП;Технические вопросы и настройки
Форма «Выбор действий пользователя физического лица»;Технические вопросы и настройки
Присоединится к бюджетной организации;Технические вопросы и настройки
Присоединится к ИП;Технические вопросы и настройки
Некорректно указана дата заключения контракта.;Технические вопросы и настройки
Контракт подписан, но в региональной системе не отображен;Технические вопросы и настройки
Что делать, если не отображаются подписи в заключенном контракте?;Технические вопросы и настройки
Как понять была ли совершена ставка от организации?;Технические вопросы и настройки
Почему нет возможности выбора необходимого количества продукции при формировании УПД по контракту, имеющему электронное исполнение через оператора ЭДО Калуга Астрал?;Технические вопросы и настройки
Какие оферты отображаются у заказчика, работающего через Портал поставщиков?;Технические вопросы и настройки
Почему у заказчика не отображаются оферта по результатам котировочной сессии?;Технические вопросы и настройки
Как распечатать сведения об оферте?;Технические вопросы и настройки
Как в УПД по контракту, имеющему электронное исполнение через ГИС ЕИС, заполнить строку 5а?;Технические вопросы и настройки
Как обновить сведения о подписантах в Исполнении контрактов, электронно актируемых через ЕИС;Технические вопросы и настройки
Требования к рабочему месту пользователя уполномоченного органа;Технические вопросы и настройки
Требования к программному и техническому обеспечению и уровню подготовки пользователя;Технические вопросы и настройки
Как загрузить МЧД в профиль пользователя?;Технические вопросы и настройки
Какого формата должна быть МЧД?;Технические вопросы и настройки
Не сформировался контракт после подписания оферты по результатам котировочной сессии;Технические вопросы и настройки
Как исправить НДС в оферте, созданной по результатам котировочной сессии?;Технические вопросы и настройки
У заказчика не отображается оферта, созданная по результатам котировочной сессии;Технические вопросы и настройки
Почему неактивны поля при заполнении заявки?;Технические вопросы и настройки
Как на Портале поставщиков можно найти и посмотреть информацию по заказчикам?;Технические вопросы и настройки
Где и как формировать МЧД для сотрудника?;Технические вопросы и настройки
удалить этот черновик - нет изменений;Технические вопросы и настройки
Nекорректно указана дата окончания действия контракта;Технические вопросы и настройки
Некорректно отображается основание заключения контракта;Технические вопросы и настройки
Неверный статус контракта;Технические вопросы и настройки
Как изменить наименование оферты?;Технические вопросы и настройки
Как подписать оферту?;Технические вопросы и настройки
Как изменить характеристики в стандартной товарной единице?;Технические вопросы и настройки
Не присвоен оферте реестровый номер;Технические вопросы и настройки
Как подать ценовое предложение?;Технические вопросы и настройки
Удаление оферты;Технические вопросы и настройки
Архивирование оферты;Технические вопросы и настройки
Как изменить электронную подпись;Технические вопросы и настройки
Как регистрировать филиалы, представительства и иные обособленные подразделения?;Технические вопросы и настройки
Как прикрепить или изменить электронную подпись?;Технические вопросы и настройки
Как удалить электронную подпись?;Технические вопросы и настройки
Как произвести настройку плагина КРИПТОПРО?;Технические вопросы и настройки
При заполнении заявки на регистрацию пользователя отсутствует поле 'Контактный телефон';Технические вопросы и настройки
Почему появляется капча?;Технические вопросы и настройки
Как загрузить МЧД в профиль пользователя?;Технические вопросы и настройки
Как узнать, заблокирован ли поставщик на Портале поставщиков?;Технические вопросы и настройки
Как в банковских реквизитах установить параметр «Счет используется в контрактной системе»?;Технические вопросы и настройки
Как создать закупку из корзины?;Технические вопросы и настройки
Как посмотреть полный текст уведомления?;Технические вопросы и настройки
Могут ли пользователи Портала поставщиков посмотреть данные об участниках котировочной сессии?;Технические вопросы и настройки
Почему не получается сделать ставку в активной котировочной сессии?;Технические вопросы и настройки
Можно ли отменить ставку в активной котировочной сессии?;Технические вопросы и настройки
Как включить функциональность «Автоторг»?;Технические вопросы и настройки
Что означает статус в котировочной сессии «Идет обработка ставок. Возможна переторжка»?;Технические вопросы и настройки
Почему статус котировочной сессии “Снята с публикации”?;Технические вопросы и настройки
Почему статус котировочной сессии изменился на «Не состоялась»?;Технические вопросы и настройки
Почему не отображается страница активной котировочной сессии?;Технические вопросы и настройки
Оферты подписаны, но проект контракта не поступил в личный кабинет поставщику. Что делать?;Технические вопросы и настройки
Не получается подать оферту (ценовое предложение) в закупке по потребностям;Технические вопросы и настройки
Почему при подачи ценового предложения в закупке по потребности перебрасывает на другой сайт?;Технические вопросы и настройки
Как удалить, заблокировать или разблокировать пользователя на Портале поставщиков?;Технические вопросы и настройки
Как сформировать счет при электронном документообороте;Технические вопросы и настройки
Действия поставщика после отправки приглашения заказчику на установку связи по ЭДО;Технические вопросы и настройки
Необходимо ли регистрироваться в ЭДО для исполнения последующих контрактов?;Справочная информация и поддержка
Заказчик не зарегистрирован в системе ЭДО;Справочная информация и поддержка
Я зарегистрирован в ЭДО?;Технические вопросы и настройки
Заказчик не видит приглашениепо установлению связи в ЭДО;Технические вопросы и настройки
Заказчик не видит приглашение по установке связи в ЭДО;Технические вопросы и настройки
Заказчик не видит приглашение по установке связи в ЭДО;Технические вопросы и настройки